-- MySQL dump 10.13  Distrib 8.0.17, for Win64 (x86_64)
--
-- Host: localhost    Database: shop_db
-- ------------------------------------------------------
-- Server version	8.0.17

/*!40101 SET @OLD_CHARACTER_SET_CLIENT=@@CHARACTER_SET_CLIENT */;
/*!40101 SET @OLD_CHARACTER_SET_RESULTS=@@CHARACTER_SET_RESULTS */;
/*!40101 SET @OLD_COLLATION_CONNECTION=@@COLLATION_CONNECTION */;
/*!50503 SET NAMES utf8mb4 */;
/*!40103 SET @OLD_TIME_ZONE=@@TIME_ZONE */;
/*!40103 SET TIME_ZONE='+00:00' */;
/*!40014 SET @OLD_UNIQUE_CHECKS=@@UNIQUE_CHECKS, UNIQUE_CHECKS=0 */;
/*!40014 SET @OLD_FOREIGN_KEY_CHECKS=@@FOREIGN_KEY_CHECKS, FOREIGN_KEY_CHECKS=0 */;
/*!40101 SET @OLD_SQL_MODE=@@SQL_MODE, SQL_MODE='NO_AUTO_VALUE_ON_ZERO' */;
/*!40111 SET @OLD_SQL_NOTES=@@SQL_NOTES, SQL_NOTES=0 */;

--
-- Table structure for table `category`
--

DROP TABLE IF EXISTS `category`;
/*!40101 SET @saved_cs_client     = @@character_set_client */;
/*!50503 SET character_set_client = utf8mb4 */;
CREATE TABLE `category` (
  `id` int(11) NOT NULL AUTO_INCREMENT,
  `name` varchar(50) NOT NULL,
  `image` varchar(50) NOT NULL,
  `link` varchar(50) NOT NULL,
  PRIMARY KEY (`id`)
) ENGINE=InnoDB AUTO_INCREMENT=8 DEFAULT CHARSET=utf8 COLLATE=utf8_general_ci;
/*!40101 SET character_set_client = @saved_cs_client */;

--
-- Dumping data for table `category`
--

LOCK TABLES `category` WRITE;
/*!40000 ALTER TABLE `category` DISABLE KEYS */;
INSERT INTO `category` VALUES (1,'Протеины','/static/imgs/protein.jpg','/proteins/'),(2,'Гейнеры','/static/imgs/gainers.jpg','/gainers/'),(3,'Аминокислоты','/static/imgs/aminoacids.jpg','/aminoacids/'),(4,'Креатин','/static/imgs/creatine.jpg','/creatine/'),(5,'Жиросжигатели','/static/imgs/burnfat.jpg','/burnfats/'),(6,'Витамины','/static/imgs/vita.jpg','/vitamins/'),(7,'Стероиды','/static/imgs/steroids.jpg','/steroids/');
/*!40000 ALTER TABLE `category` ENABLE KEYS */;
UNLOCK TABLES;

--
-- Table structure for table `certificate`
--

DROP TABLE IF EXISTS `certificate`;
/*!40101 SET @saved_cs_client     = @@character_set_client */;
/*!50503 SET character_set_client = utf8mb4 */;
CREATE TABLE `certificate` (
  `id` int(11) NOT NULL AUTO_INCREMENT,
  `name` varchar(50) NOT NULL,
  `image` varchar(50) NOT NULL,
  PRIMARY KEY (`id`)
) ENGINE=InnoDB AUTO_INCREMENT=4 DEFAULT CHARSET=utf8 COLLATE=utf8_general_ci;
/*!40101 SET character_set_client = @saved_cs_client */;

--
-- Dumping data for table `certificate`
--

LOCK TABLES `certificate` WRITE;
/*!40000 ALTER TABLE `certificate` DISABLE KEYS */;
INSERT INTO `certificate` VALUES (1,'Сертификат кач-ва №1','/static/imgs/certificate1.jpg'),(2,'Сертификат кач-ва №2','/static/imgs/certificate2.jpg'),(3,'Сертификат кач-ва №3','/static/imgs/certificate3.jpg');
/*!40000 ALTER TABLE `certificate` ENABLE KEYS */;
UNLOCK TABLES;

--
-- Table structure for table `product`
--

DROP TABLE IF EXISTS `product`;
/*!40101 SET @saved_cs_client     = @@character_set_client */;
/*!50503 SET character_set_client = utf8mb4 */;
CREATE TABLE `product` (
  `id` int(11) NOT NULL AUTO_INCREMENT,
  `name` varchar(100) NOT NULL,
  `image` varchar(75) NOT NULL,
  `about` varchar(1500) NOT NULL,
  `category_id` int(11) NOT NULL,
  PRIMARY KEY (`id`),
  KEY `category_id` (`category_id`),
  CONSTRAINT `product_ibfk_1` FOREIGN KEY (`category_id`) REFERENCES `category` (`id`)
) ENGINE=InnoDB AUTO_INCREMENT=29 DEFAULT CHARSET=utf8 COLLATE=utf8_general_ci;
/*!40101 SET character_set_client = @saved_cs_client */;

--
-- Dumping data for table `product`
--

LOCK TABLES `product` WRITE;
/*!40000 ALTER TABLE `product` DISABLE KEYS */;
INSERT INTO `product` VALUES (1,'Gold Standard Optimum Nutrition','/static/imgs/protein.jpg','100% Whey Gold Standard от Optimum Nutrition - это по мнению многих культуристов и атлетов идеальный протеин. Американская компания впервые выпустила на рынок продукцию, которая прошла тщательную очистку и попала к потребителю без малейших примесей лактозы, жиров и углеводов. Кроме того, спортивная добавка отличается наличием в составе незаменимых аминокислот комплекса ВСАА и глютамина, что позволяет достичь максимальных результатов во время тренировочного процесса.',1),(2,'Whey Professional Scitec Nutrition','/static/imgs/scitec_whey100.jpg','Стопроцентный Whey Protein Professional Scitec Nutrition - натуральный сывороточный концентрат, созданный сложным путем ультрафильтрации сыворотки. Лучший материал для построения мышечных волокон и увеличения анаболического действия. Разработан известной венгерской фирмой Scitec Nutrition.  Основной целью добавки является минимизация лишних жировых накоплений и стремительный рост мышечного веса.',1),(3,'Nitro Tech Muscletech','/static/imgs/muscletech.jpg','Смесь сывороточных белков (гидролизат, сывороточный изолят и концентрат), с добавлением креатина моногидрат для роста мышц. Протеин хорошо подходит для силовых тренировок и набора мышечной массы. Большое содержание белка, аминокислот, bcaa, L-глютамина, таурина и креатина, делают добавку идеальной для набора массы и роста силы.Для хорошего переваривания большого количества белка и его дальнейшего усвоения, белковая смесь содержит комплекс пищеварительных ферментов (амилаза, папаин). Употребление протеина Nitro-Tech крайне важно для регулярного спортивного прогрессирования. Эта добавка занимает первое место в арсенале питания компании MuscleTech.',1),(4,'Атлант белорусский XD','/static/imgs/atlant.jpg','АТЛАНТ 80%Белка, Масса Супер Класса - Превосходный протеин предназначен для тех, кому трудно увеличивать мышечную массу. Чтобы нарастить качественную мышечную массу Вы должны увеличить потребление качественного белка. Суточная доза продукта полностью удовлетворяет суточную потребность организма в необходимых белках , витаминах и минералах, в отличии от обычного рациона. Используется для поддержания и наращивания «сухой» массы мышц.',1),(5,'ON Serios Mass','/static/imgs/ON_serios_mass.jpg','Serious Mass - это высококачественный гейнер, который включает в себя в оптимальной пропорции белки, микро/макро элементы и углеводы, производится компанией Optimum Nutrition. Serious Mass прекрасно выполняет функции предтренировочной добавки, которая благодаря значительному содержанию простых и сложных углеводов даст Вам заряд бодрости на всю тренировку. Если Вы нуждаетесь в наборе качественной мышечной массы, то эта добавка именно для Вас.',2),(6,'Mutant Mass','/static/imgs/mutant_mass.jpg','PVL Mutant Mass - гейнер со 100% результатом! Эта белково-углеводная добавка, разработана для спортсменов силовых видов спорта и бодибилдеров, которая восполняет запас энергии и содействует прибавлению мышечной массы за короткие сроки. Купить Mutant Mass вы можете в нашем интернет-магазине по приемлемой цене. Он незаменим для тех, кому трудно набирать мышечный вес.',2),(7,'True Mass от BSN','/static/imgs/true_mass.jpg','True Mass - это гейнер от производителя BSN. Он произвел буквально революцию на рынке спортивного питания благодаря ряду уникальных свойств. Он по праву считается одной из лучших смесей на современном рынке. Широко востребован в среде желающих набрать качественную мышечную массу. Позволяет получить значительный прирост мышечных волокон. В его составе нет простых углеводов (а этим часто грешат недобросовестные компании), поэтому он не вызывает образования подкожной жировой прослойки. Разработчик специально добавил только сложные углеводы для медленного и полного усвоения.',2),(8,'Gain Fast от Universal Nutrition','/static/imgs/gain_fast.jpg','Гейнер Gain Fast 3100 от компании Universal Nutrition, является одной из первых добавок спортивного питания, которые появились на рынке несколько десятилетий назад. В течение многих лет были проданы многие тысячи тонн этого продукта. Почему? Потому что он работал и работает. За эти годы Gain Fast 3100 изменился очень мало, при этом он остается эталоном качества среди продуктов для набора мышечной массы.',2),(9,'Olipm BCAA','/static/imgs/olimp_bcaa.jpg','BCAA Xplode от компании-производителя Olimp Labs - это комплекс чистых аминокислот или так называемых «анаболических кирпичей», которые будут обеспечивать рост мышечных волокон. Это питание поступает в кровеносную систему напрямую, минуя печень и сразу начинает приносить пользу мускулатуре. А уже там аминокислоты, представленные в комплексе лейцином, изолейцином и валином активизируют анаболические процессы, увеличивают эффективность синтеза белка и регенерируют клетки после тренировок.',3),(10,'BCAA от Optimum Nutrition','/static/imgs/aminoacids.jpg','BCAA от Optimum Nutrition - комплекс оптимально подобранных аминокислот для наращивания мышечной массы и восстановления поврежденных мышц после тяжелых тренировок. Является источником энергии, улучшает обмен азота в мышечной ткани, способствует быстрому восстановлению после травм и операций, повышает выносливость во время тренировок и соревнований и участвует в формировании трети всех мышц человека. Компания Optimum Nutrition выпускает спортивное питание BCAA в виде гранул и порошка. В рейтинге товаров спортивного питания занимает одно из ведущих мест.',3),(11,'Platinum BCAA MUSCLETECH','/static/imgs/muscletech_bcaa.jpg','Platinum BCAA представляет собой формулу аминокислот с разветвленной цепью (BCAA), разработанную с мощным отношением BCAA 8: 1: 1 (лейцин, изолейцин, валин). Эти BCAA особенно важны из-за их уникальной разветвленной химической структуры и того факта, что они необходимы вашему телу, организм без них не может сделать любые другие соединения! BCAAs также важны, потому что они обрабатываются в мышцах. В результате большее количество аминокислот используют для синтеза белка и для поддержания роста мышц.',3),(12,'BCAA ZERO BioTechUSA','/static/imgs/biotech_bcaa.jpg','BCAA Flash Zero - это комплекс аминокислот BCAA в порошковой форме, с добавлением L-глутамина и витамина В6, и самое главное без содержания углеводов и жиров. Каждая порция ВСАА BiotechUSA Flash,  содержит 6 грамм чистых аминокислот, в их числе 6 грамм аминокислот с разветвленной цепью BCAA и 1000 мг глутамина. Аминокислоты ВСАА состоят из трех хорошо известных и важных для наращивания мышечной массы аминокислот: L-лейцина, L-изолейцина и L-валина. Эти три аминокислоты приходятся примерно в 35% нашей мышечной ткани, и кроме того, они не могут быть произведены нашим организмом.',3),(13,'ON Creatine','/static/imgs/creatine.jpg','Creatine фирмы Optimum Nutrition содержит 100% чистый моногидрат креатина и имеет непревзойденное качество и результативность. Каждая порция креатина CreatinePowder включает 5,000 мг (5г.) чистого, фирменного Creapure® креатина моногидрата. Запатентованный метод производства, применяемый для производства этого креатина, позволяет изготовлять порошок креатина, который не имеет вкуса и запаха, легко растворим в воде или соке, не оседает на дне после растворения.',4),(14,'Creatine Scitec Nutrition','/static/imgs/scitec_creatine.jpg','Моногидрат креатина в начале 90-х годов совершил революцию в индустрии спортивных пищевых добавок, когда впервые были естественным образом получены результаты, аналогичные действию стероидов. Запас креатина в мышцах отвечает за снабжение веществами фосфатной группы для регенерации использованной АТФ, т. е. он служит резервом энергии клетки при сокращении мышц.Кроме того, он способен увеличивать клеточный объём, активизируя синтез мышечного белка. В сотнях клинических испытаний моногидрат креатина доказал свою способность наращивать общий запас креатина в мышцах, состоящий из чистого креатина и фосфата креатина. А это ведет к значительному увеличению массы и силы мышц, а также достижению лучших спортивных результатов и улучшению показателей здоровья вне зависимости от спорта.',4),(15,'Creatine froм BSN','/static/imgs/creatine_bsn.jpg','С BSN Creatine DNA™ в организм поступает 5 граммов чистого, мелко измельченного моногидрата креатина без наполнителей и добавок, поддерживающего силу, производительность и способствующего формированию «сухой» массы. Креатин помогает поддерживать вашу мускулатуру во время выполнения высокоинтенсивных упражнений. Дополнение рациона моногидратом креатина может способствовать восполнению запасов креатина в вашем организме. И, так как Creatine DNA™ не ароматизирована, вы можете добавлять ее в послетренировочный восстанавливающий коктейль или любимый напиток.',4),(16,'Creatine from Ultimate Nutrition','/static/imgs/creatine_ultimate.jpg','Многие спортсмены мирового класса используютс Creatine Monohydrate для достижения своих целей. Согласно результатам исследований креатина моногидрата при его употреблении у спортсменов наблюдается увеличение силы, выносливости, а также повышение пика предельных нагрузок. В первую очередь это связано со взаимодействием креатина моногидрата и АТФ. В частности, креатин моногидрат способен поддерживать уровень АТФ в клетках. Также этот препарат уменьшает концентрацию аммония в плазме. Creatine Monohydrate провереный в лаборатории Ultimate Nutrition не содержит диацинамид (вредный побочный продукт производства креатина).',4),(17,'Black Spider from Cloma Pharma','/static/imgs/burnfat.jpg','Принимая Black Spider, вы сможете тренироваться более длительное время с повышенной ментальной концентрацией и фокусировкой на выполняемых упражнениях, увеличив при этом интенсивность самой тренировки. Комплекс, содержащихся в нем компонентов, ускорят метаболизм, повышает мотивацию и отдаляет порог усталости. Ультра сильнодействующий жиросжигатель, который объединяет в себе, как мощный жиросжигающий эффект, так и эффекты выработки энергии и стимуляции ЦНС. Чаще всего Black Spider используют профессиональные атлеты, чтобы достичь пиковой формы в очень короткие сроки.',5),(18,'LIPO-6 by Nutrex','/static/imgs/lipo6.jpg','Компания Nutrex предоставила на рынок Lipo-6 Black Ultra Concentrate - усиленный жиросжигатель, супер-мощный, концентрированный и не имеющий аналогов в мире. Nutrex Lipo-6 Black Ultra concentrate  даст вам возможность результативно сжигать жир и снижать вес до отметки, которой вы хотите. Данное средство для похудения подходит как мужчинам, так и женщинам. Главное отличие от других жиросжигателей - это его мультифазность.  В составе Lipo-6 Black Ultra Concentrate только рабочие связки, которые доказали свою эффективность результатами спортсменов, которые принимали препарат.',5),(19,'OXY-elite by USP-Labs','/static/imgs/oxyelite.jpg','Это термогенный жиросжигатель, работа которого основана на кофеине и других растительных элементах. Его прием поможет избавиться от лишних килограмм за счет расщепления жира и превращения его в энергию. Данный препарат будет идеальным дополнением к диете и физическим тренировкам. OxyELITE Pro можно купить у наших менеджеров, оформив заказ по телефону или онлайн. Множественные отзывы покупателей подтверждают его активные свойства: подавление аппетита, стимуляцию метаболизма, блокирование образования новых жировых клеток и выведение лишней жидкости из организма.',5),(20,'Hydroxicate be MUSCLETECH','/static/imgs/hydroxycut.png','Мощный жиросжигающий комплекс тестировался в 2-х клинических исследованиях. В первом исследовании испытуемые, принимавшие основные компоненты Hydroxycut Hardcore Elite (экстракт зеленого кофе, экстракт зеленого кофе и C. canephora robusta), за 60 дней потеряли в среднем 5кг в отличие от группы соблюдающей только низкокаларийную диету, представители которой потеряли 2,5кг. В другом исследовании, длившемся 8 недель, испытуемые, принимавшие те же ингридиенты, потеряли в среднем 2кг, а в группе, соблюдающей только низкокаларийную диету, потеря веса составила 600гр. Обе группы соблюдали низкокалорийную диету и проводили умеренные тренировки.',5),(21,'vitamins by ON','/static/imgs/vita.jpg','Opti-Men от компании Optimum Nutrition - это полный комплекс питательных веществ с комбинацией витаминов и необходимых минералов специально подобранных для мужчин. Данный продукт включает в себя 75 основных ингредиентов, объединенных в оптимально сбалансированную питательную систему из пяти основных смесей.',6),(22,'Animal Pak by Universal Nutrition','/static/imgs/animal.jpg','Витаминно-минеральный комплекс Animal Pak от компании Universal Nutrition - это уникальный и один из лучших продуктов в своей нишевой категории. Состав витаминного комплекса бьет все рекорды и по праву выводит данный продукт в разряд самых популярных среди бодибилдеров. 5429 % от положенной суточной нормы - цифра, которая сразу говорит, насколько высока ставка Animal Pak. В его состав входят витамины A, В1, В2, В6, С, Е, D. Продукт не просто так содержит в своем составе по-настоящему большие дозировки витаминов группы B. Если коротко описывать воздействие витаминов группы B на здоровье спортсмена, то оно заключается, прежде всего, в ускорении метаболизма белков, понижении скорости катаболизма и повышении уровня энергии.',6),(23,'Daily Formula by Universal Nutrition','/static/imgs/daily_formula.jpg','Витаминно-минеральный комплекс Daily Formula от компании Universal Nutrition содержит полноценный набор питательных веществ необходимых для обеспечения ежедневной потребности организма человека, ведущего физически активный образ жизни. Его формула содержит все необходимые микро и макро элементы, пищеварительные ферменты, что в совокупности нормализируют биологические процессы и гормональный фон организма.',6),(24,'Multi Pro Pack by Scitec Nutrition','/static/imgs/vita_scitec.jpeg','Препарат Multi Pro Pak от известной марки Scitec Nutrition представляет собой мульвитаминный и минеральный комплекс для истинных профессионалов.В составе средства широко представлены антиоксиданты, в том числе такие как селен, специальный экстракт из виноградных косточек и прочие. Если вы используете в своей практике такую добавку, у вас не будет необходимости принимать дополнительные витамины или же минеральные комплексы. В числе активных веществ, представленных в данном препарате - Омега 3 жирные кислоты. А также коэнзим и лецитин. Максимально удобная форма для приема препарата - в 1 пакетике представлены несколько различных капсул для одновременного приема. Решив купить Multi Pro Plus, вы тем самым обеспечите своему организму и в частности мышцам - наилучшую поддержку.',6),(25,'Testosteron Propionate','/static/imgs/propionate.jpg','Тестостерона пропионат оказывает специфическое андрогенное действие: стимулирует развитие и функцию наружных половых органов, предстательной железы, семенных пузырьков, а также вторичных половых признаков у мужчин (голос, волосяной покров). Участвует в формировании конституции тела и полового поведения у мужчин, усиливает либидо и потенцию, стимулирует сперматогенез. Уменьшает продуцирование лютеотропного и фолликулостимулирующего гормонов. Тестостерон является антагонистом женских половых гормонов - эстрогенов, обладает противоопухолевым действием при опухолях молочной железы у женщин. Оказывает анаболическое действие, которое проявляется в стимуляции синтеза белка, уменьшении откладывания жира, задержке в организме необходимых для синтеза белка калия, фосфора, серы, усилении фиксации кальция в костях и увеличении мышечной массы. При достаточном белковом питании стимулирует выработку эритропоэтина.',7),(26,'METAXA','/static/imgs/danabol.jpg','Данабол он же метандростенолон, в Украине и России широко известен как метан, является анаболическим стероидом выпускаемым в оральной форме. Нету препарата лучше чем данабол - скажут Вам в любой качалке, по большему счету те люди знают о чем говорят, ведь действительно за всю историю производства стероидов, Данабол который производит завод находящийся в Молдове, который именуется как Balkan Pharmaceuticals, завоевал сердца большинства как проффесиональных атлетов, так и спортсменов любителей.',7),(27,'Тренболон','/static/imgs/trenbolone.jpg','Тренболон Энантат - всем известная торговая марка анаболического стероида параболана с эстерефицированой добавкой эфира энантата. Это самый мощный инъекционный анаболический стероид который используется в спорте, в частности в бодибилдинге. Широко знаменит и ценится благодаря своему сильному анаболическому действию, которое приводит к значительному увеличению результатов, но с большим риском негативных реакций.',7),(28,'STROMBAFORTE','/static/imgs/strombafort.jpg','Стромбафортом именуется одна из самых знаменитых торговых марок одного из наиважнейших стероидов силового спорта анаболического типа в мире, Stanazolol также известен как Vinstrol. В истории мирового спорта использования станазолола берет свое начало в 80-тых годах, и достаточно колоритна, поскольку имеет много увлекательных ситуаций. Именно в Сеуле использование станазолола Беном Джонсоном на Олимпийских играх, взявшим победное золото, и оказалось поводом для сегодняшнего ввода допинг-контроля. Вот уже в течение 30 лет, именно станазолол чаще других веществ встречается в допинг-пробах.',7);
/*!40000 ALTER TABLE `product` ENABLE KEYS */;
UNLOCK TABLES;

--
-- Table structure for table `shopping_cart`
--

DROP TABLE IF EXISTS `shopping_cart`;
/*!40101 SET @saved_cs_client     = @@character_set_client */;
/*!50503 SET character_set_client = utf8mb4 */;
CREATE TABLE `shopping_cart` (
  `id` int(11) NOT NULL AUTO_INCREMENT,
  `product_id` int(11) NOT NULL,
  `user_id` int(11) NOT NULL,
  `count` int(11) NOT NULL,
  PRIMARY KEY (`id`),
  KEY `product_id` (`product_id`),
  KEY `user_id` (`user_id`),
  CONSTRAINT `shopping_cart_ibfk_1` FOREIGN KEY (`product_id`) REFERENCES `product` (`id`),
  CONSTRAINT `shopping_cart_ibfk_2` FOREIGN KEY (`user_id`) REFERENCES `user` (`id`)
) ENGINE=InnoDB AUTO_INCREMENT=35 DEFAULT CHARSET=utf8 COLLATE=utf8_general_ci;
/*!40101 SET character_set_client = @saved_cs_client */;

--
-- Dumping data for table `shopping_cart`
--

LOCK TABLES `shopping_cart` WRITE;
/*!40000 ALTER TABLE `shopping_cart` DISABLE KEYS */;
/*!40000 ALTER TABLE `shopping_cart` ENABLE KEYS */;
UNLOCK TABLES;

--
-- Table structure for table `user`
--

DROP TABLE IF EXISTS `user`;
/*!40101 SET @saved_cs_client     = @@character_set_client */;
/*!50503 SET character_set_client = utf8mb4 */;
CREATE TABLE `user` (
  `id` int(11) NOT NULL AUTO_INCREMENT,
  `login` varchar(35) NOT NULL,
  `name` varchar(30) NOT NULL,
  `surname` varchar(50) NOT NULL,
  `email` varchar(50) NOT NULL,
  `mobilenumber` varchar(13) NOT NULL,
  `dob` date NOT NULL,
  `town` varchar(30) NOT NULL,
  `password` char(98) NOT NULL,
  `token` varchar(30) DEFAULT NULL,
  PRIMARY KEY (`id`),
  UNIQUE KEY `login` (`login`),
  UNIQUE KEY `email` (`email`)
) ENGINE=InnoDB AUTO_INCREMENT=4 DEFAULT CHARSET=utf8 COLLATE=utf8_general_ci;
/*!40101 SET character_set_client = @saved_cs_client */;

--
-- Dumping data for table `user`
--

LOCK TABLES `user` WRITE;
/*!40000 ALTER TABLE `user` DISABLE KEYS */;
INSERT INTO `user` VALUES (1,'1','1','1','jivtone@gmail.com','0994372757','1111-11-11','Харьков','$argon2id$v=19$m=32768,t=16,p=2$TvE+Ly7hYniXX7XaPSHCVA$egm7gk5cZtf43GjAEEAYcozdloDG7GePyAHYSBF6w60','ylqxfgztnpttirlyhdjybbsnoobwxl'),(2,'huy','huy','huy','huy@mail.ru','0994372757','1212-12-12','Харьков','$argon2id$v=19$m=32768,t=16,p=2$/HOhRFcLS1OjQ8BCBLbtLw$9FveQ2hnIz5E7c4g6FZOJj7QQFbEUJojdXc+pGsl7R0',NULL),(3,'2','2','2','2@2','0994372757','1212-12-12','Харьков','$argon2id$v=19$m=32768,t=16,p=2$I2H817hInRQR82swTdypBQ$NikK/8+QmtGtG3fLbwNzKbfgT6gEq1syXdH+CTPl+NY','dxdtywqkkgcduwefwyhnimrbbutkwf');
/*!40000 ALTER TABLE `user` ENABLE KEYS */;
UNLOCK TABLES;
/*!40103 SET TIME_ZONE=@OLD_TIME_ZONE */;

/*!40101 SET SQL_MODE=@OLD_SQL_MODE */;
/*!40014 SET FOREIGN_KEY_CHECKS=@OLD_FOREIGN_KEY_CHECKS */;
/*!40014 SET UNIQUE_CHECKS=@OLD_UNIQUE_CHECKS */;
/*!40101 SET CHARACTER_SET_CLIENT=@OLD_CHARACTER_SET_CLIENT */;
/*!40101 SET CHARACTER_SET_RESULTS=@OLD_CHARACTER_SET_RESULTS */;
/*!40101 SET COLLATION_CONNECTION=@OLD_COLLATION_CONNECTION */;
/*!40111 SET SQL_NOTES=@OLD_SQL_NOTES */;

-- Dump completed on 2020-05-25 13:14:57
